Job ID,Job URL,Job Title,Company Name,Status,Timestamp,WP ID
90f612bf12ee4100,https://ru.linkedin.com/jobs/view/country-manager-turkey-at-ebanx-4435174254,Country Manager Turkey,,scraped,2026-07-07T02:02:39.924533,
043e3defa85ec03f,https://ru.linkedin.com/jobs/view/area-manager-cis-at-etihad-4423641418,Area Manager - CIS,Etihad,posted,2026-07-07T02:03:34.214087,22
88b360c3a11c0f95,https://ru.linkedin.com/jobs/view/maintenance-operative-at-hc-one-4434341502,Maintenance Operative,,scraped,2026-07-07T02:03:36.737296,
9248f28ada2bcda6,https://ru.linkedin.com/jobs/view/quality-assurance-analyst-at-swiss-pharmaceuticals-pvt-ltd-karachi-pakistan-4433926182,Quality Assurance Analyst,,scraped,2026-07-07T02:04:47.069286,
aa17a053d4a59374,https://ru.linkedin.com/jobs/view/director-general-east-asia-and-pacific-at-new-development-bank-ndb-4431565139,"Director General, East Asia and Pacific",,scraped,2026-07-07T02:04:54.450217,
367d31a634d843dd,https://ru.linkedin.com/jobs/view/senior-sourcing-specialist-at-ecommerce-cave-4431974846,Senior Sourcing Specialist,,scraped,2026-07-07T02:05:06.497720,
215b24ec64a993cf,https://ru.linkedin.com/jobs/view/content-manager-at-bigo-4435035212,Content Manager,,scraped,2026-07-07T02:05:13.351260,
4898f9a77484d742,https://ru.linkedin.com/jobs/view/project-manager-at-brmi-4436424376,Project Manager,BRMi,posted,2026-07-07T02:05:31.278742,24
41caf8cfccbfa779,https://ru.linkedin.com/jobs/view/community-manager-at-bigo-4435036123,Community Manager,,scraped,2026-07-07T02:05:33.910056,
dc8c48f221eeeeb2,https://ru.linkedin.com/jobs/view/ux-ui-designer-at-the-flex-4436381540,UX/UI Designer,,scraped,2026-07-07T02:05:40.436875,
dfbd075d16829829,https://ru.linkedin.com/jobs/view/entrepreneur-in-residence-eir-at-the-flex-4436944438,Entrepreneur in Residence (EIR),,scraped,2026-07-07T02:05:47.067684,
e4883c66992b5f5b,https://ru.linkedin.com/jobs/view/sr-manager-process-engineering-at-siemens-healthineers-4422064441,"Sr Manager, Process Engineering",,scraped,2026-07-07T02:05:53.274472,
ec927a166cc531bc,https://ru.linkedin.com/jobs/view/electrical-engineer-at-captivate-staffing-group-4426090208,Electrical Engineer,Captivate Staffing Group,posted,2026-07-07T02:06:39.813135,26
413a507de8b3b394,https://ru.linkedin.com/jobs/view/rtal-vaccines-mera-at-pfizer-4435534453,"RTAL Vaccines, MERA",,scraped,2026-07-07T02:06:42.396599,
a8d753e7dc8d7763,https://ru.linkedin.com/jobs/view/offshore-health-and-safety-advisor-at-centrica-4434620297,Offshore Health and Safety Advisor,,scraped,2026-07-07T02:07:48.875328,
fe816911e034a00e,https://ru.linkedin.com/jobs/view/junior-software-engineer-central-ai-lab-at-jonas-software-4373566804,"Junior Software Engineer, Central AI Lab",,scraped,2026-07-07T02:07:55.974875,
c04ae27f68e9dcfe,https://ru.linkedin.com/jobs/view/quality-manager-stitching-at-artistic-denim-mills-ltd-4432387111,Quality Manager - Stitching,,scraped,2026-07-07T02:08:02.456616,
2fa9a1ca82994677,https://ru.linkedin.com/jobs/view/digital-marketing-intern-at-ark-solution-4431908769,Digital Marketing Intern,ARK Solution,posted,2026-07-07T02:08:19.891310,28
5c43e00711718f6d,https://ru.linkedin.com/jobs/view/business-development-executive-at-efu-life-assurance-karachi-cantt-branch-4433973558,Business Development Executive,EFU Life Assurance - Karachi Cantt Branch,posted,2026-07-07T02:08:29.292366,30
0b610e5a56fec6e8,https://ru.linkedin.com/jobs/view/chief-product-officer-crbc-uk-at-jonas-software-4393539637,Chief Product Officer (CRBC UK),,scraped,2026-07-07T02:08:31.959496,
0dd858e6a244d565,https://ru.linkedin.com/jobs/view/senior-consultant%E2%80%93-strategy-digital-transformation-at-confidential-4432773911,Senior Consultant– Strategy & Digital Transformation,Confidential,posted,2026-07-07T02:09:24.974932,32
e5ef5ec1c3ab7e10,https://ru.linkedin.com/jobs/view/devops-engineer-russian-speaking-startup-at-emtalk-4437450796,"DevOps Engineer (Russian-speaking, Startup)",,scraped,2026-07-07T02:09:27.779481,
859a2911a3c2e6a9,https://ru.linkedin.com/jobs/view/sr-spclst-marketing-at-organon-4436417238,"Sr. Spclst, Marketing",,scraped,2026-07-07T02:09:34.156030,
97f542b2e0c349b9,https://ru.linkedin.com/jobs/view/%D1%81%2B%2B-%D1%80%D0%B0%D0%B7%D1%80%D0%B0%D0%B1%D0%BE%D1%82%D1%87%D0%B8%D0%BA-middle%2B-at-kode-4432761711,С++ разработчик / Middle+,,scraped,2026-07-07T02:10:33.169704,
79f6c9fccb7838bc,https://ru.linkedin.com/jobs/view/%E2%80%8B%E2%80%8B%E2%80%8B%E2%80%8B%E2%80%8B%E2%80%8B%E2%80%8B%D1%82%D0%B5%D1%85%D0%BD%D0%B8%D1%87%D0%B5%D1%81%D0%BA%D0%B8%D0%B9-%D1%8D%D0%BA%D1%81%D0%BF%D0%B5%D1%80%D1%82-%D1%81%D1%82%D1%80%D0%BE%D0%B8%D1%82%D0%B5%D0%BB%D1%8C%D0%BD%D1%8B%D0%B5-%D0%BC%D0%B0%D1%82%D0%B5%D1%80%D0%B8%D0%B0%D0%BB%D1%8B-%E2%80%8B%E2%80%8B%E2%80%8B%E2%80%8B%E2%80%8B%E2%80%8B%E2%80%8B-at-assistance-group-4436499507,Технический эксперт (строительные материалы),,scraped,2026-07-07T02:10:39.923378,
20ee791bc797eb02,https://ru.linkedin.com/jobs/view/content-reviewer-russian-language-at-mkit-hong-kong-holdings-limited-4436212067,Content Reviewer -Russian language,MKIT (HONG KONG) HOLDINGS LIMITED,posted,2026-07-07T02:13:45.513830,34
95a34ced2a7665b4,https://ru.linkedin.com/jobs/view/senior-media-buy-manager-at-mova-tech-4437128573,Senior Media Buy Manager,,scraped,2026-07-07T02:13:48.557508,
a7529631ba4e9d09,https://ru.linkedin.com/jobs/view/%D1%81%D0%BF%D0%B5%D1%86%D0%B8%D0%B0%D0%BB%D0%B8%D1%81%D1%82-%D0%BF%D0%BE-%D0%BF%D1%80%D0%BE%D0%B4%D0%B0%D0%B6%D0%B5-%D0%BB%D0%BE%D0%B3%D0%B8%D1%81%D1%82%D0%B8%D1%87%D0%B5%D1%81%D0%BA%D0%B8%D1%85-%D1%83%D1%81%D0%BB%D1%83%D0%B3-at-%D1%84%D0%B0%D0%BA%D1%82%D0%BE%D1%80%D0%B8%D0%B0%D0%BB%D0%BB-%D1%80%D1%83%D1%81%D1%8C-4433962100,Специалист по продаже логистических услуг,Факториалл Русь,failed|wp_post_failed,2026-07-07T02:16:19.159070,
cee8a428fa5f1f25,https://ru.linkedin.com/jobs/view/social-media-content-producer-at-mova-tech-4437138073,Social Media Content Producer,,scraped,2026-07-07T02:16:21.874100,
6879866652d63950,https://ru.linkedin.com/jobs/view/entrepreneur-and-business-specialist-at-bigworth-executive-support-4435572753,Entrepreneur And Business Specialist,Bigworth Executive Support,posted,2026-07-07T02:17:14.158000,36
c6288e8ecd138147,https://ru.linkedin.com/jobs/view/field-operations-superintendent-at-centrica-4434614461,Field Operations Superintendent,,scraped,2026-07-07T02:17:16.695961,
9214bd12eef0f77a,https://ru.linkedin.com/jobs/view/supply-chain-services-rep-ii-at-baycare-health-system-4437434019,Supply Chain Services Rep II,,scraped,2026-07-07T02:18:27.377014,
3bf7226d0192e321,https://ru.linkedin.com/jobs/view/ai-video-creator-at-the-flex-4436781352,AI Video Creator,,scraped,2026-07-07T02:19:14.036660,
f5e6fc6bb6490ea4,https://ru.linkedin.com/jobs/view/mental-health-technician-ii-at-baycare-health-system-4437479554,Mental Health Technician II,,scraped,2026-07-07T02:19:20.591371,
ff01895a833d4e45,https://ru.linkedin.com/jobs/view/pharmacy-technician-overnights-at-baycare-health-system-4436167924,Pharmacy Technician - Overnights,BayCare Health System,posted,2026-07-07T02:20:47.343650,38
5231fae82ab5c56d,https://ru.linkedin.com/jobs/view/medical-assistant-or-lpn-cardiology-at-baycare-health-system-4435168745,Medical Assistant or LPN - Cardiology,,scraped,2026-07-07T02:20:49.929263,
5a98f99a65f3c65b,https://ru.linkedin.com/jobs/view/clinical-pharmacist-at-baycare-health-system-4436177295,Clinical Pharmacist,,scraped,2026-07-07T02:24:03.164812,
1034796e4e034c59,https://ru.linkedin.com/jobs/view/user-experience-researcher-bangkok-based-relocation-provided-at-agoda-4403423368,"User Experience Researcher (Bangkok-based, Relocation provided)",Agoda,posted,2026-07-07T02:26:14.876675,40
42dc05166dffc9d2,https://ru.linkedin.com/jobs/view/senior-engineering-manager-bangkok-based-relocation-provided-at-agoda-4370561488,"Senior Engineering Manager (Bangkok based, relocation provided)",Agoda,posted,2026-07-07T02:26:25.887715,42
928c674d0d175421,https://ru.linkedin.com/jobs/view/lead-analyst-supply-analytics-bangkok-based-relocation-provided-at-agoda-4372102580,"Lead Analyst (Supply Analytics, Bangkok-based, Relocation provided)",Agoda,posted,2026-07-07T02:26:38.308232,44
ea16411518ccff40,https://ru.linkedin.com/jobs/view/senior-lecturer-associate-professor-physiotherapy-at-unsw-4414893577,Senior Lecturer/Associate Professor - Physiotherapy,UNSW,posted,2026-07-07T02:26:48.391169,46
589b2ebb24d5de79,https://ru.linkedin.com/jobs/view/environmental-services-technician-at-baycare-health-system-4437492301,Environmental Services Technician,BayCare Health System,posted,2026-07-07T02:26:57.909380,48
5c453b20715be413,https://ru.linkedin.com/jobs/view/lecturer-senior-lecturer-psychology-at-unsw-4422275435,Lecturer/ Senior Lecturer - Psychology,UNSW,posted,2026-07-07T02:28:12.748792,50
80c49a2c110420a2,https://ru.linkedin.com/jobs/view/lecturer-senior-lecturer-associate-professor-psychology-at-unsw-4422235526,Lecturer/Senior Lecturer/ Associate Professor - Psychology,UNSW,posted,2026-07-07T02:28:22.943799,52
a5043cf5253264ab,https://ru.linkedin.com/jobs/view/lecturer-education-focused-psychology-at-unsw-4422230533,Lecturer - Education Focused - Psychology,UNSW,posted,2026-07-07T02:28:32.851694,54
59c56811612d421b,https://ru.linkedin.com/jobs/view/lecturer-or-senior-lecturer-psychology-x2-at-unsw-4422291217,Lecturer or Senior Lecturer - Psychology (x2),UNSW,posted,2026-07-07T02:28:42.946329,56
931e3ef5c24f2105,https://ru.linkedin.com/jobs/view/attorney-and-lawyer-at-sme-careers-4425607877,Attorney and Lawyer,,scraped,2026-07-07T02:28:45.443077,
2d358e6e5494ea91,https://ru.linkedin.com/jobs/view/distributed-storage-engineer-apache-ozone-internals-remote-work-ref%23294429-at-bairesdev-4426554436,Distributed Storage Engineer (Apache Ozone Internals) - Remote Work | REF#294429,,scraped,2026-07-07T02:28:52.531951,
c25beabb28ec23da,https://ru.linkedin.com/jobs/view/charge-nurse-cardiac-nights-at-baycare-health-system-4436962319,Charge Nurse - Cardiac - Nights,,scraped,2026-07-07T02:29:04.915299,
470ba0af46f47b57,https://ru.linkedin.com/jobs/view/user-experience-researcher-bangkok-based-relocation-provided-at-agoda-4403436134,"User Experience Researcher (Bangkok-based, Relocation provided)",Agoda,posted,2026-07-07T02:31:20.320754,40
b2ed920855ea565e,https://ru.linkedin.com/jobs/view/product-designer-l1-at-agoda-4428806971,Product Designer L1,Agoda,posted,2026-07-07T02:31:34.853511,58
b914748d7abc68de,https://ru.linkedin.com/jobs/view/senior-machine-learning-engineer-relocation-to-cyprus-at-fxpro-4437189702,Senior Machine Learning Engineer (Relocation to Cyprus),FxPro,posted,2026-07-07T02:31:47.494741,60
f583c9c7eba6459b,https://ru.linkedin.com/jobs/view/russian-speaking-games-presenter-bucharest-at-euro-london-4432781725,Russian speaking Games Presenter - Bucharest,,scraped,2026-07-07T02:31:50.101655,
527ff38414b54369,https://ru.linkedin.com/jobs/view/senior-analyst-supply-analytics-bangkok-based-relocation-provided-at-agoda-4299780063,"Senior Analyst (Supply Analytics, Bangkok-based, Relocation provided)",Agoda,posted,2026-07-07T02:32:06.310428,62
f5a8ac30435b3f93,https://ru.linkedin.com/jobs/view/stay-connected-with-ciena-%E2%80%93-future-opportunities-at-ciena-4418210400,Stay Connected with Ciena – Future Opportunities,Ciena,posted,2026-07-07T12:18:23.410398,64
6c40e6093ccfdecd,https://ru.linkedin.com/jobs/view/part-145-support-staff-at-bristow-group-4435861059,Part 145 Support Staff,Bristow Group,posted,2026-07-07T12:18:31.494217,66
9c75c9e0fe9d2876,https://ru.linkedin.com/jobs/view/internal-auditor-at-synergy-corporation-4433739648,Internal Auditor,,scraped,2026-07-07T12:18:33.861329,
1b3bfc5c8c288ef6,https://ru.linkedin.com/jobs/view/heavy-maintenance-representative-at-psa-airlines-inc-4437757843,Heavy Maintenance Representative,"PSA Airlines, Inc.",posted,2026-07-07T12:18:48.650279,68
e3ca03e3a2e8bc86,https://ru.linkedin.com/jobs/view/spa-manager-at-hilton-4436713358,Spa Manager,Hilton,posted,2026-07-07T12:18:59.146523,70
dbc101430bf6c5d1,https://ru.linkedin.com/jobs/view/sea-operation-executive-at-star-freight-pvt-ltd-4433948294,Sea Operation Executive,,scraped,2026-07-07T12:19:01.570726,
ddf9a80528f17de1,https://ru.linkedin.com/jobs/view/medical-office-rep-at-baycare-health-system-4436115747,Medical Office Rep,BayCare Health System,posted,2026-07-07T12:19:16.170232,72
01af0780cb6ca1b7,https://ru.linkedin.com/jobs/view/%D0%BC%D0%B5%D0%BD%D0%B5%D0%B4%D0%B6%D0%B5%D1%80-%D0%BF%D0%BE-%D1%80%D0%B0%D0%B1%D0%BE%D1%82%D0%B5-%D1%81-%D1%81%D0%B5%D1%82%D1%8F%D0%BC%D0%B8-at-selena-group-4437770353,менеджер по работе с сетями,,scraped,2026-07-07T12:19:24.796510,
abdf3020b12a3293,https://ru.linkedin.com/jobs/view/senior-operations-specialist-at-likee-4432608822,Senior Operations Specialist,,scraped,2026-07-07T12:19:32.813098,
3d42819b04ffcd73,https://ru.linkedin.com/jobs/view/digital-marketing-execution-manager-at-novartis-4433970114,Digital Marketing Execution Manager,,scraped,2026-07-07T12:19:41.872824,
153b72597fdce773,https://ru.linkedin.com/jobs/view/russian-operation-support-english-communication-skill-at-pandapay-4436506013,Russian Operation Support  (English Communication Skill),PandaPay,posted,2026-07-07T12:20:47.231529,74
46d97ede6998842b,https://ru.linkedin.com/jobs/view/%D0%BC%D0%B5%D0%BD%D0%B5%D0%B4%D0%B6%D0%B5%D1%80-%D0%BF%D0%BE-%D0%BF%D1%80%D0%BE%D0%B4%D0%B2%D0%B8%D0%B6%D0%B5%D0%BD%D0%B8%D1%8E-%D1%80%D0%B5%D1%88%D0%B5%D0%BD%D0%B8%D0%B9-bdm-ai-%D0%BF%D0%BB%D0%B0%D1%82%D1%84%D0%BE%D1%80%D0%BC%D0%B0-at-croc-4432393099,Менеджер по продвижению решений (BDM) AI платформа,,scraped,2026-07-07T12:20:51.899591,
62f8b53ce8a66850,https://ru.linkedin.com/jobs/view/account-manager-ii-at-halliburton-4435040313,Account Manager II,Halliburton,posted,2026-07-07T12:21:06.097107,76
2f0b8101c5220382,https://ru.linkedin.com/jobs/view/%D1%80%D1%83%D0%BA%D0%BE%D0%B2%D0%BE%D0%B4%D0%B8%D1%82%D0%B5%D0%BB%D1%8C-%D0%BE%D1%82%D0%B4%D0%B5%D0%BB%D0%B0-%D1%8D%D0%BB%D0%B5%D0%BA%D1%82%D1%80%D0%BE%D0%BD%D0%BD%D0%BE%D0%B9-%D0%BA%D0%BE%D0%BC%D0%BC%D0%B5%D1%80%D1%86%D0%B8%D0%B8-4435839727,Руководитель отдела электронной коммерции,Бренд детской одежды,failed|wp_post_failed,2026-07-07T12:21:09.647082,
765f77e1390e77ef,https://ru.linkedin.com/jobs/view/sales-manager-at-netrika-healthcare-4437777122,Sales Manager,,scraped,2026-07-07T12:21:14.211201,
3a6a4e9e3f1094e0,https://ru.linkedin.com/jobs/view/hr-%D0%B1%D0%B8%D0%B7%D0%BD%D0%B5%D1%81-%D0%BF%D0%B0%D1%80%D1%82%D0%BD%D0%B5%D1%80-pre-hrd-hibp-%D0%B2-%D0%B8%D0%B8-%D0%B8%D1%82-dev-fan-agi-ready-agi-compatible-239163595,"HR бизнес-партнер (pre-HRD) / HIBP в ИИ/ИТ (Dev fan, AGI-ready / AGI-compatible)",ОС-групп,posted,2026-07-07T12:21:30.866326,78
2407aa303016f842,https://ru.linkedin.com/jobs/view/marketing-manager-at-club-med-4437732603,Marketing Manager,,scraped,2026-07-07T12:21:33.509185,
3fbe7ac575623ac4,https://ru.linkedin.com/jobs/view/%D0%B2%D0%B5%D0%B4%D1%83%D1%89%D0%B8%D0%B9-%D0%B4%D0%B8%D0%B7%D0%B0%D0%B9%D0%BD%D0%B5%D1%80-at-%D1%86%D0%B5%D1%85-%D0%B4%D0%B8%D0%B7%D0%B0%D0%B9%D0%BD-4437780254,Ведущий дизайнер,Цех дизайн,failed|wp_post_failed,2026-07-07T12:21:47.930730,
713c29b09dd6e99c,https://ru.linkedin.com/jobs/view/senior-php-developer-relocation-to-cyprus-at-fxpro-4437404282,Senior PHP Developer (Relocation to Cyprus),FxPro,posted,2026-07-07T12:22:03.000964,80
e37f66e6296bd854,https://ru.linkedin.com/jobs/view/lecturer-or-senior-lecturer-statistics-at-unsw-4435384694,Lecturer or Senior Lecturer - Statistics,UNSW,posted,2026-07-07T12:22:13.073554,82
e5551c6ac0c36d6f,https://ru.linkedin.com/jobs/view/cook-lpq-at-convive-brands-4435201758,Cook - LPQ,Convive Brands,posted,2026-07-07T12:22:28.624412,84
096620d53aafaa55,https://ru.linkedin.com/jobs/view/engineering-manager-in-back-end-bangkok-based-relocation-provided-at-agoda-4436298408,"Engineering Manager in Back End (Bangkok based, relocation provided)",Agoda,posted,2026-07-07T12:22:42.335517,86
430c88191040d6aa,https://ru.linkedin.com/jobs/view/engineering-manager-back-end-bangkok-based-relocation-provided-at-agoda-4370576055,"Engineering Manager, Back End (Bangkok based, relocation provided)",Agoda,posted,2026-07-07T12:22:54.087888,88
ac24bad6c1f4eedc,https://ru.linkedin.com/jobs/view/icelandic-quality-assurance-lead-qal-at-sme-careers-4428374022,Icelandic Quality Assurance Lead (QAL),SME Careers,posted,2026-07-07T12:23:05.227801,90
1ac902dd476dbbd9,https://ru.linkedin.com/jobs/view/executive-recruiter-bangkok-based-relocation-provided-at-agoda-4361510517,"Executive Recruiter (Bangkok Based, Relocation Provided)",Agoda,posted,2026-07-07T12:23:23.252697,92
a891e57d69cc6b1c,https://ru.linkedin.com/jobs/view/solutions-sales-manager-at-jd-com-4407817933,Solutions Sales Manager,,scraped,2026-07-07T12:23:25.622628,
367456bd50c3ae46,https://ru.linkedin.com/jobs/view/animal-care-supervisor-at-merlin-entertainments-4435494043,Animal Care Supervisor,Merlin Entertainments,posted,2026-07-07T12:23:46.526060,94
25a602831e5b6df7,https://ru.linkedin.com/jobs/view/customer-service-assistant-at-amway-4433904901,Customer Service Assistant,Amway,posted,2026-07-07T12:23:57.655689,96
3cc0405c6a7e3f34,https://ru.linkedin.com/jobs/view/%D0%BC%D0%B5%D0%B4%D0%B8%D1%86%D0%B8%D0%BD%D1%81%D0%BA%D0%B8%D0%B9-%D1%81%D0%BE%D0%B2%D0%B5%D1%82%D0%BD%D0%B8%D0%BA-at-sandoz-4418008960,Медицинский советник,,scraped,2026-07-07T12:24:00.320664,
ca84685e70793394,https://ru.linkedin.com/jobs/view/asset-adoption-engineer-at-e-on-uk-4431966295,Asset Adoption Engineer,E.ON UK,posted,2026-07-07T12:24:20.426267,98
2496fe19411ab088,https://ru.linkedin.com/jobs/view/%D0%B1%D1%83%D1%85%D0%B3%D0%B0%D0%BB%D1%82%D0%B5%D1%80-%D0%BD%D0%B0-%D1%83%D1%87%D0%B0%D1%81%D1%82%D0%BE%D0%BA-%D0%B1%D0%B0%D0%BD%D0%BA-%D0%BA%D0%BB%D0%B8%D0%B5%D0%BD%D1%82-at-transasia-logistics-group-4432382609,Бухгалтер на участок банк-клиент,,scraped,2026-07-07T12:24:23.087082,
7a6979492d38f32d,https://ru.linkedin.com/jobs/view/executive-recruiter-bangkok-based-relocation-provided-at-agoda-4361259550,"Executive Recruiter (Bangkok Based, Relocation Provided)",Agoda,posted,2026-07-07T12:24:36.213665,92
c41f594cd5bc340b,https://ru.linkedin.com/jobs/view/med-assistant-ii-ft-day-ob-gyn-langhorne-pa-at-capital-health-us-4433118409,Med Assistant II - FT - Day - OB/GYN Langhorne PA,Capital Health (US),posted,2026-07-07T12:24:47.125372,100
2af3470249962775,https://ru.linkedin.com/jobs/view/exercise-physiolog-cardio-pulm-at-baycare-health-system-4436438458,Exercise Physiolog Cardio - Pulm,BayCare Health System,posted,2026-07-07T12:24:58.854684,102
692670ee63ad26eb,https://ru.linkedin.com/jobs/view/ces-offshore-mechanical-maintenance-technician-at-centrica-4434686146,CES Offshore Mechanical Maintenance Technician,,scraped,2026-07-07T12:25:01.444675,
422a726173e079aa,https://ru.linkedin.com/jobs/view/%E6%9C%8D%E8%A3%85%E5%AF%BC%E8%B4%AD-%E5%93%81%E7%89%8C%E4%BB%A3%E8%A1%A8-%E6%B7%B1%E5%9C%B3%E5%A3%B9%E6%96%B9%E5%9F%8E-a-f-at-abercrombie-fitch-co-4434528217,"服装导购/品牌代表 - 深圳壹方城, A&F",Abercrombie &amp; Fitch Co.,posted,2026-07-07T12:25:25.801998,104
42b3588d9bb2d7a9,https://ru.linkedin.com/jobs/view/%D0%BE%D0%BF%D0%B5%D1%80%D0%B0%D1%82%D0%BE%D1%80-%D0%BD%D0%B0%D0%BB%D0%B0%D0%B4%D0%B0%D1%87%D0%B8%D0%BA-1-%D0%BA%D0%B0%D1%82%D0%B5%D0%B3%D0%BE%D1%80%D0%B8%D0%B8-at-astrazeneca-4260915319,Оператор-наладачик 1 категории,AstraZeneca,posted,2026-07-07T12:25:42.625683,106
89bcd1c0589956f6,https://ru.linkedin.com/jobs/view/%D0%BC%D0%B5%D0%B4%D0%B8%D1%86%D0%B8%D0%BD%D1%81%D0%BA%D0%B8%D0%B9-%D0%BF%D1%80%D0%B5%D0%B4%D1%81%D1%82%D0%B0%D0%B2%D0%B8%D1%82%D0%B5%D0%BB%D1%8C-pharmacy-line-%D0%B3-%D0%BA%D1%80%D0%B0%D1%81%D0%BD%D0%BE%D0%B4%D0%B0%D1%80-at-sandoz-4435173001,"Медицинский представитель (Pharmacy Line), г. Краснодар",,scraped,2026-07-07T12:25:45.008116,
406fe78615cab51e,https://ru.linkedin.com/jobs/view/%D0%BC%D0%B5%D0%B4%D0%B8%D1%86%D0%B8%D0%BD%D1%81%D0%BA%D0%B8%D0%B9-%D0%BF%D1%80%D0%B5%D0%B4%D1%81%D1%82%D0%B0%D0%B2%D0%B8%D1%82%D0%B5%D0%BB%D1%8C-pharmacy-line-%D0%B3-%D0%BA%D1%80%D0%B0%D1%81%D0%BD%D0%BE%D0%B4%D0%B0%D1%80-at-sandoz-4435167240,"Медицинский представитель (Pharmacy Line), г. Краснодар",,scraped,2026-07-07T12:25:51.260280,
dded1bf968bca1ac,https://ru.linkedin.com/jobs/view/senior-distributed-systems-engineer-remote-work-ref%23293788-at-bairesdev-4426565342,Senior Distributed Systems Engineer - Remote Work | REF#293788,BairesDev,posted,2026-07-07T12:26:06.387294,108
8c4f058262238484,https://ru.linkedin.com/jobs/view/senior-software-engineer-scala-remote-work-ref%23290219-at-bairesdev-4420464548,Senior Software Engineer (Scala) - Remote Work | REF#290219,BairesDev,posted,2026-07-07T12:26:15.541488,110
620c38171019eacf,https://ru.linkedin.com/jobs/view/senior-data-platform-engineer-remote-work-ref%23293899-at-bairesdev-4426546493,Senior Data Platform Engineer - Remote Work | REF#293899,BairesDev,posted,2026-07-07T12:26:24.177775,112
af0a6b6055b300d2,https://ru.linkedin.com/jobs/view/senior-staff-machine-learning-engineer-bidding-bangkok-based-relocation-provided-at-agoda-4310149830,"Senior/Staff Machine Learning Engineer - Bidding (Bangkok based, relocation provided)",Agoda,posted,2026-07-07T12:26:36.044712,114
a1d60dca07f3ecf5,https://ru.linkedin.com/jobs/view/quality-engineer-at-plastipak-4244933617,Quality Engineer,Plastipak,posted,2026-07-07T20:36:57.019825,116
0b89f8da612ad8fd,https://ru.linkedin.com/jobs/view/project-manager-at-brmi-4437822298,Project Manager,BRMi,posted,2026-07-07T20:37:02.580327,24
8923b714bd2573f2,https://ru.linkedin.com/jobs/view/%D1%80%D1%83%D0%BA%D0%BE%D0%B2%D0%BE%D0%B4%D0%B8%D1%82%D0%B5%D0%BB%D1%8C-%D1%80%D0%B0%D0%B7%D1%80%D0%B0%D0%B1%D0%BE%D1%82%D0%BA%D0%B8-%D0%B8-%D0%BF%D1%80%D0%BE%D0%B4%D1%83%D0%BA%D1%82%D0%B0-at-syngenta-4432572195,Руководитель разработки и продукта,,scraped,2026-07-07T20:37:15.264103,
ca395ebf517f1a99,https://ru.linkedin.com/jobs/view/emergency-room-doctor-4434515160,Emergency Room Doctor,My Family Clinic Karachi,posted,2026-07-07T20:37:25.564397,118
bbfdde35e61ba55b,https://ru.linkedin.com/jobs/view/early-career-trainee-supply-chain-and-logistics-at-ge-healthcare-4437852642,Early Career Trainee - Supply Chain and Logistics,GE HealthCare,posted,2026-07-07T20:37:40.986357,120
aacebc27a568399c,https://ru.linkedin.com/jobs/view/admin-manager-apapa-at-a-p-moller-maersk-4437826628,Admin Manager - Apapa,,scraped,2026-07-07T20:37:43.607814,
3a2bad5a603d2533,https://ru.linkedin.com/jobs/view/%D0%BC%D0%B0%D1%80%D0%BA%D0%B5%D1%82%D0%B8%D0%BD%D0%B3-%D0%B2-%D1%81%D0%BE%D1%86%D0%B8%D0%B0%D0%BB%D1%8C%D0%BD%D1%8B%D1%85-%D1%81%D0%B5%D1%82%D1%8F%D1%85-3869305378,Маркетинг в социальных сетях,InterMedia News Agency,failed|wp_post_failed,2026-07-07T20:37:51.100612,
45b1b0c5e830db3c,https://ru.linkedin.com/jobs/view/technical-application-scientist-europe-uk-at-parse-biosciences-4422613549,"Technical Application Scientist, Europe/UK",Parse Biosciences,posted,2026-07-07T20:37:59.995934,122
86445230b966c4ed,https://ru.linkedin.com/jobs/view/%D0%B2%D0%B5%D0%B4%D1%83%D1%89%D0%B8%D0%B9-%D1%80%D0%B5%D1%82%D1%83%D1%88%D0%B5%D1%80-ai-%D0%BA%D1%80%D0%B5%D0%B0%D1%82%D0%BE%D1%80-at-%D0%BE%D0%BE%D0%BE-%D1%81%D0%BF%D0%BE%D1%80%D1%82%D0%BC%D0%B0%D1%81%D1%82%D0%B5%D1%80-4436316545,Ведущий ретушер (AI креатор),"ООО ""Спортмастер""",posted,2026-07-07T20:38:13.357431,124
a09e8ff972fc74fb,https://ru.linkedin.com/jobs/view/%D1%80%D1%83%D0%BA%D0%BE%D0%B2%D0%BE%D0%B4%D0%B8%D1%82%D0%B5%D0%BB%D1%8C-%D1%81%D1%82%D1%80%D0%BE%D0%B8%D1%82%D0%B5%D0%BB%D1%8C%D0%BD%D1%8B%D1%85-%D0%BF%D1%80%D0%BE%D0%B5%D0%BA%D1%82%D0%BE%D0%B2-4256037528,руководитель строительных проектов,строительная компания,failed|wp_post_failed,2026-07-07T20:38:16.834032,
e43e80b3f3ae70fb,https://ru.linkedin.com/jobs/view/chief-finance-officer-at-apm-terminals-4436310574,Chief Finance Officer,,scraped,2026-07-07T20:38:21.544127,
d0573ca6674703b4,https://ru.linkedin.com/jobs/view/clm-business-analyst-at-epiq-4377935884,CLM - Business Analyst,Epiq,posted,2026-07-07T20:38:40.675023,126
877e7150635203b8,https://ru.linkedin.com/jobs/view/access-field-manager-at-novartis-4427799507,Access Field Manager,,scraped,2026-07-07T20:38:43.286874,
7d49f09e1aac986b,https://ru.linkedin.com/jobs/view/account-manager-at-novartis-4434526046,Account Manager,,scraped,2026-07-07T20:38:50.309058,
736b12938f29b3cd,https://ru.linkedin.com/jobs/view/account-manager-at-novartis-4434510748,Account Manager,,scraped,2026-07-07T20:38:57.275542,
73a4cdf434df01be,https://ru.linkedin.com/jobs/view/cmo-group-cmo-at-international-recruitment-agency-talent-search-agency-4437868639,CMO/Group CMO,International Recruitment Agency Talent Search Agency,posted,2026-07-07T20:39:13.914379,128
7e6758f4aa5692e8,https://ru.linkedin.com/jobs/view/%D0%B1%D0%B8%D0%B7%D0%BD%D0%B5%D1%81-%D0%B0%D0%BD%D0%B0%D0%BB%D0%B8%D1%82%D0%B8%D0%BA-%D1%82%D0%B5%D1%85%D0%BD%D0%B8%D1%87%D0%B5%D1%81%D0%BA%D0%B8%D0%B9-%D0%BA%D1%83%D1%80%D0%B0%D1%82%D0%BE%D1%80-4414220280,Бизнес-аналитик (технический куратор),Найди.про,posted,2026-07-07T20:39:23.755957,130
e94a9bc16be48dad,https://ru.linkedin.com/jobs/view/associate-dean-postgraduate-programs-and-academic-governance-at-unsw-4433955914,Associate Dean - Postgraduate Programs and Academic Governance,UNSW,posted,2026-07-07T20:39:39.819655,132
174a17c2eeaa6111,https://ru.linkedin.com/jobs/view/senior-lecturer-at-unsw-4432737971,Senior Lecturer,UNSW,posted,2026-07-07T20:39:54.877660,134
b6c1acabb9ef8bb9,https://ru.linkedin.com/jobs/view/%D1%81%D1%82%D0%B0%D1%80%D1%88%D0%B8%D0%B9-%D1%81%D0%BF%D0%B5%D1%86%D0%B8%D0%B0%D0%BB%D0%B8%D1%81%D1%82-%D0%BF%D0%BE-%D0%BB%D0%BE%D0%B3%D0%B8%D1%81%D1%82%D0%B8%D0%BA%D0%B5-at-astrazeneca-4359146758,Старший специалист по логистике,AstraZeneca,failed|wp_post_failed,2026-07-07T20:40:05.884607,
8afda70d9ee8b297,https://ru.linkedin.com/jobs/view/op%C3%A9rateur-de-production-at-alkegen-4429144338,Opérateur de production,ALKEGEN,posted,2026-07-07T20:40:15.692248,136
7d2fc4e4611cc1e4,https://ru.linkedin.com/jobs/view/access-field-manager-at-novartis-4433905546,Access Field Manager,,scraped,2026-07-07T20:40:20.079423,
c2cbf53034fa5037,https://ru.linkedin.com/jobs/view/%D0%B4%D0%B5%D0%B6%D1%83%D1%80%D0%BD%D1%8B%D0%B9-%D0%B8%D0%BD%D0%B6%D0%B5%D0%BD%D0%B5%D1%80-at-astrazeneca-4260916048,Дежурный инженер,AstraZeneca,failed|wp_post_failed,2026-07-07T20:40:31.147401,
8c7a58af3e91cdbf,https://ru.linkedin.com/jobs/view/%D0%BC%D0%B5%D0%B4%D0%B8%D1%86%D0%B8%D0%BD%D1%81%D0%BA%D0%B8%D0%B9-%D1%81%D0%BE%D0%B2%D0%B5%D1%82%D0%BD%D0%B8%D0%BA-at-sandoz-4418014826,Медицинский советник,,scraped,2026-07-07T20:40:33.803763,
bffb106ba56197bd,https://ru.linkedin.com/jobs/view/associate-technical-service-engineer-at-stryker-4416510302,Associate Technical Service Engineer,Stryker,posted,2026-07-07T20:40:47.955097,138
d05427f2bbe4485a,https://ru.linkedin.com/jobs/view/standards-managing-pilot-at-chc-helicopter-4436832798,Standards Managing Pilot,CHC Helicopter,posted,2026-07-07T20:41:02.238086,140
7b43cd0c8e93b353,https://ru.linkedin.com/jobs/view/registered-nurse-med-surg-cardiac-days-at-baycare-health-system-4436951871,Registered Nurse - Med/Surg Cardiac - Days,BayCare Health System,posted,2026-07-07T20:41:16.791910,142
854fc1fa8e3a655f,https://ru.linkedin.com/jobs/view/gestionnaire-sant%C3%A9-s%C3%A9curit%C3%A9-environnement-at-alkegen-4408571250,Gestionnaire Santé-Sécurité-Environnement,ALKEGEN,posted,2026-07-07T20:41:31.342731,144
61d0a8ba68a8d7ca,https://ru.linkedin.com/jobs/view/lecturer-pure-mathematics-at-unsw-4425743920,Lecturer - Pure Mathematics,UNSW,posted,2026-07-07T20:41:42.337487,146
9961e9b5c9d8fd23,https://ru.linkedin.com/jobs/view/%D0%BE%D0%BF%D0%B5%D1%80%D0%B0%D1%82%D0%BE%D1%80-%D0%BD%D0%B0%D0%BB%D0%B0%D0%B4%D1%87%D0%B8%D0%BA-1-%D0%BA%D0%B0%D1%82%D0%B5%D0%B3%D0%BE%D1%80%D0%B8%D0%B8-at-astrazeneca-4321980549,Оператор-наладчик 1 категории,AstraZeneca,posted,2026-07-07T20:42:04.323735,106
b8ed659b22448ebf,https://ru.linkedin.com/jobs/view/senior-software-engineer-c%2B%2B-remote-work-ref%23289910-at-bairesdev-4420449865,Senior Software Engineer (C++) - Remote Work | REF#289910,BairesDev,posted,2026-07-07T20:42:18.127114,148
eaa4e97a972bd63c,https://ru.linkedin.com/jobs/view/software-engineer-rust-remote-work-ref%23289831-at-bairesdev-4420456723,Software Engineer (Rust) - Remote Work | REF#289831,BairesDev,posted,2026-07-07T20:42:29.795109,150
17bcaadd4fa570e2,https://ru.linkedin.com/jobs/view/chef-de-partie-at-hilton-4427052023,Chef de Partie,Hilton,posted,2026-07-07T20:42:42.698370,152
d45e77827c021c45,https://ru.linkedin.com/jobs/view/%D0%BE%D0%BF%D0%B5%D1%80%D0%B0%D1%82%D0%BE%D1%80-%D0%BD%D0%B0%D0%BB%D0%B0%D0%B4%D1%87%D0%B8%D0%BA-1-%D0%BA%D0%B0%D1%82%D0%B5%D0%B3%D0%BE%D1%80%D0%B8%D0%B8-at-astrazeneca-4316608161,Оператор-наладчик 1 категории,AstraZeneca,scraped,2026-07-07T20:42:53.623581,
3ba63760ed472c04,https://ru.linkedin.com/jobs/view/%E5%8C%BB%E8%8D%AF%E4%BB%A3%E8%A1%A8-%E6%96%B0%E7%96%86%E5%96%80%E4%BB%80-%E8%83%B0%E5%B2%9B%E7%B4%A0-at-novo-nordisk-4425763760,医药代表-新疆喀什-胰岛素,,scraped,2026-07-07T20:42:55.948353,
d56a22507906ca83,https://ru.linkedin.com/jobs/view/%D0%BC%D0%B5%D0%B4%D0%B8%D1%86%D0%B8%D0%BD%D1%81%D0%BA%D0%B8%D0%B9-%D0%BF%D1%80%D0%B5%D0%B4%D1%81%D1%82%D0%B0%D0%B2%D0%B8%D1%82%D0%B5%D0%BB%D1%8C-medical-line-%D0%B3-%D0%BC%D0%BE%D1%81%D0%BA%D0%B2%D0%B0-%D0%B2%D0%B0%D0%BE-at-sandoz-4417756316,"Медицинский представитель (Medical Line) - г. Москва, ВАО",,scraped,2026-07-07T20:43:02.269058,
4179233e38d77ea0,https://ru.linkedin.com/jobs/view/creative-director-at-yandex-go-4435443477,Creative Director,Yandex Go,posted,2026-07-08T07:18:48.724109,164
e78891f21e4ce733,https://ru.linkedin.com/jobs/view/partenaire-d%E2%80%99affaires-%E2%80%93-ressources-humaines-at-alkegen-4437417089,PARTENAIRE D’AFFAIRES – RESSOURCES HUMAINES,ALKEGEN,posted,2026-07-08T07:19:03.395225,166
d790aab0b5e1bd08,https://ru.linkedin.com/jobs/view/financial-crimes-data-scientist-at-east-west-bank-4434808695,Financial Crimes Data Scientist,East West Bank,posted,2026-07-08T07:19:15.640874,168
b5009c33c96a35ad,https://ru.linkedin.com/jobs/view/social-media-strategist-at-trefid-digital-4434578847,Social Media Strategist,,scraped,2026-07-08T07:19:22.103384,
0589b4e4d9f882dc,https://ru.linkedin.com/jobs/view/business-development-assistant-italian-at-rkx-financial-4435060480,Business Development Assistant (Italian),RKX Financial,posted,2026-07-08T07:19:45.112846,170
57a242fe2b86b2f8,https://ru.linkedin.com/jobs/view/sales-manager-at-oneuphiring-4438173119,Sales Manager,oneuphiring,posted,2026-07-08T07:20:01.552455,172
d31975abb70f767e,https://ru.linkedin.com/jobs/view/key-account-executive-at-infobip-4434545111,Key Account Executive,,scraped,2026-07-08T07:20:08.255020,
678c84eccbdfe32c,https://ru.linkedin.com/jobs/view/broker-at-amazon-natural-spring-waters-limited-4435762775,Broker,,scraped,2026-07-08T07:20:14.839547,
84557e06eb875d50,https://ru.linkedin.com/jobs/view/associate-professor-in-systems-at-unsw-4415279063,Associate Professor in Systems,UNSW,posted,2026-07-08T07:20:36.646708,174
51c0dd43be05af2a,https://ru.linkedin.com/jobs/view/senior-node-js-developer-relocation-to-cyprus-at-fxpro-4437176166,Senior Node.js Developer (Relocation to Cyprus),FxPro,posted,2026-07-08T07:21:08.563782,176
28380ef7dd914f78,https://ru.linkedin.com/jobs/view/senior-brand-manager-at-novartis-4433930274,Senior Brand Manager,,scraped,2026-07-08T07:21:15.279431,
90f82214791d8805,https://ru.linkedin.com/jobs/view/charge-nurse-oncology-days-at-baycare-health-system-4436956581,Charge Nurse - Oncology - Days,BayCare Health System,posted,2026-07-08T07:21:56.647436,178
2327d1bdad730247,https://ru.linkedin.com/jobs/view/registered-nurse-med-surg-tele-days-at-baycare-health-system-4436967101,Registered Nurse - Med/Surg Tele - Days,BayCare Health System,posted,2026-07-08T07:22:35.285447,180
3bad437a8d52e20b,https://ru.linkedin.com/jobs/view/commercial-business-analyst-at-novartis-4428436812,Commercial Business Analyst,,scraped,2026-07-08T13:20:52.259084,
f93266064d640c26,https://ru.linkedin.com/jobs/view/customer-service-associate%E2%80%8B-at-novartis-4428442017,Customer Service Associate,,scraped,2026-07-08T13:21:13.765022,
2497a3e3e9b25bf3,https://ru.linkedin.com/jobs/view/second-engineer-at-intalent-asia-4438160635,Second Engineer,,scraped,2026-07-08T13:21:21.024404,
33ecef6f171eb491,https://ru.linkedin.com/jobs/view/r-d-application-implementation-executive-at-th-group-4434839435,R&D Application & Implementation Executive,,scraped,2026-07-08T13:21:38.003924,
01c686d8e9167c93,https://ru.linkedin.com/jobs/view/further-mathematics-teacher-a-level-at-lgeg-moscow-4421832112,Further Mathematics Teacher (A-level),,scraped,2026-07-08T13:21:53.319299,
1aa09793ba80dbdb,https://ru.linkedin.com/jobs/view/lead-architect-at-mtc-web-services-mws-4433197700,Lead Architect,MTC Web Services (MWS),posted,2026-07-08T13:22:17.573163,182
611f70102efad9e7,https://ru.linkedin.com/jobs/view/bartender-at-topgolf-4437878559,Bartender,Topgolf,posted,2026-07-08T13:23:01.652117,184
4a624e206d26177f,https://ru.linkedin.com/jobs/view/registered-nurse-med-surg-tele-nights-at-baycare-health-system-4436952859,Registered Nurse - Med/Surg Tele - Nights,BayCare Health System,posted,2026-07-08T13:23:26.294790,186
613a50cbf00c1d6a,https://ru.linkedin.com/jobs/view/associate-professor-in-machine-learning-and-natural-language-processing-social-media-analytics-at-unsw-4415270198,Associate Professor in Machine Learning and Natural Language Processing (Social Media Analytics),UNSW,posted,2026-07-08T13:23:40.011685,188
73e31b26e9c099db,https://ru.linkedin.com/jobs/view/data-automation-engineer-central-ai-lab-at-jonas-software-4373566805,"Data & Automation Engineer, Central AI Lab",,scraped,2026-07-08T13:23:42.614217,
5042302bae6c0bc4,https://ru.linkedin.com/jobs/view/warehouse-operator-iii-at-iff-4418137727,Warehouse Operator III,IFF,posted,2026-07-08T13:23:55.564530,190
bf9df9953d35f854,https://ru.linkedin.com/jobs/view/analyst-senior-analyst-associate-manager-marketing-analytics-bangkok-based-relocation-provided-at-agoda-4410526960,"Analyst/Senior Analyst/Associate Manager, Marketing Analytics (Bangkok Based, relocation provided)",Agoda,posted,2026-07-08T13:24:20.275884,192
7c87e9af76ff17ed,https://ru.linkedin.com/jobs/view/casual-academic-talent-pool-%E2%80%93-ada-humanities-languages-at-unsw-4414878745,Casual Academic Talent Pool – ADA -Humanities & Languages,UNSW,posted,2026-07-08T13:24:31.045228,194
a56b2f3753867f72,https://ru.linkedin.com/jobs/view/senior-backend-engineer-go-at-block-labs-4324979717,Senior Backend Engineer (Go),,scraped,2026-07-08T13:24:33.614559,
c5a6eb1efefbfed9,https://ru.linkedin.com/jobs/view/senior-machine-learning-engineer-relocation-to-cyprus-at-fxpro-4437184788,Senior Machine Learning Engineer (Relocation to Cyprus),FxPro,posted,2026-07-08T13:24:46.242073,60
3f7954a2d34bc747,https://ru.linkedin.com/jobs/view/%D0%BE%D0%BF%D0%B5%D1%80%D0%B0%D1%82%D0%BE%D1%80-%D0%BD%D0%B0%D0%BB%D0%B0%D0%B4%D1%87%D0%B8%D0%BA-1-%D0%BA%D0%B0%D1%82%D0%B5%D0%B3%D0%BE%D1%80%D0%B8%D0%B8-at-astrazeneca-4408687225,Оператор-наладчик 1 категории,AstraZeneca,posted,2026-07-08T13:24:58.473693,106
433e9ded7424afed,https://ru.linkedin.com/jobs/view/senior-engineering-manager-fintech-bangkok-based-relocation-provided-at-agoda-4429226878,"Senior Engineering Manager - Fintech (Bangkok based, relocation provided)",Agoda,posted,2026-07-08T13:25:21.165699,196
a6f5ad539d99d455,https://ru.linkedin.com/jobs/view/associate-professor-in-cryptography-at-unsw-4415270201,Associate Professor in Cryptography,UNSW,posted,2026-07-08T13:25:37.636532,198
9c8afd784bebf712,https://ru.linkedin.com/jobs/view/optometrist-at-asda-4437756880,Optometrist,,scraped,2026-07-08T13:25:42.234156,
00e5c3f05563f561,https://ru.linkedin.com/jobs/view/senior-staff-machine-learning-engineer-bidding-bangkok-based-relocation-provided-at-agoda-4310142848,"Senior/Staff Machine Learning Engineer - Bidding (Bangkok based, relocation provided)",Agoda,posted,2026-07-08T13:26:03.021623,200
0afcd3718679b9ac,https://ru.linkedin.com/jobs/view/service-charge-analyst-at-accent-group-ltd-4437857225,Service Charge Analyst,,scraped,2026-07-08T18:56:49.753086,
a085d0add5ff1b4f,https://ru.linkedin.com/jobs/view/access-field-manager-at-novartis-4434804434,Access Field Manager,,scraped,2026-07-08T18:57:02.670225,
03379a7a64ad2bf0,https://ru.linkedin.com/jobs/view/sales-manager-at-appnext-4426222720,Sales Manager,,scraped,2026-07-08T18:57:09.396799,
a0ead472ae9d6091,https://ru.linkedin.com/jobs/view/carrier-sales-manager-%E2%80%93-voice-a%E2%80%93z-cc-cli-at-icon-global-services-ltd-4436802191,Carrier Sales Manager – Voice (A–Z / CC / CLI),,scraped,2026-07-08T18:57:20.360056,
36944a00db58314a,https://ru.linkedin.com/jobs/view/stay-connected-with-ciena-%E2%80%93-future-opportunities-at-ciena-4418220314,Stay Connected with Ciena – Future Opportunities,Ciena,posted,2026-07-08T18:57:44.800571,64
97b04f211c1d7f33,https://ru.linkedin.com/jobs/view/assistant-site-manager-at-united-infrastructure-ltd-4437060505,Assistant Site Manager,United Infrastructure Ltd,posted,2026-07-08T18:58:11.782908,202
7a2c9300ccd0b4e8,https://ru.linkedin.com/jobs/view/account-manager-at-novartis-4427796528,Account Manager,,scraped,2026-07-08T18:58:14.121919,
03499eb3fb52ffe4,https://ru.linkedin.com/jobs/view/hse-supervisor-at-a-p-moller-maersk-4438257616,HSE Supervisor,,scraped,2026-07-08T18:58:23.123478,
ebcc872c4a9cb1c6,https://ru.linkedin.com/jobs/view/assistant-nurse-manager-cardiac-at-baycare-health-system-4438264597,Assistant Nurse Manager - Cardiac,BayCare Health System,posted,2026-07-08T18:58:46.671477,204
e11b9e760c73e88c,https://ru.linkedin.com/jobs/view/%D1%81%D1%82%D0%B0%D1%80%D1%88%D0%B8%D0%B9-%D0%BC%D0%B5%D0%B4%D0%B8%D1%86%D0%B8%D0%BD%D1%81%D0%BA%D0%B8%D0%B9-%D0%BF%D1%80%D0%B5%D0%B4%D1%81%D1%82%D0%B0%D0%B2%D0%B8%D1%82%D0%B5%D0%BB%D1%8C-specialty-%D0%B3-%D0%BA%D1%80%D0%B0%D1%81%D0%BD%D0%BE%D1%8F%D1%80%D1%81%D0%BA-at-sandoz-4429545804,"Старший медицинский представитель (Specialty), г. Красноярск",,scraped,2026-07-08T18:58:53.051821,
3bc1bc0f75d8cb0d,https://ru.linkedin.com/jobs/view/%D1%81%D1%82%D0%B0%D1%80%D1%88%D0%B8%D0%B9-%D0%BC%D0%B5%D0%B4%D0%B8%D1%86%D0%B8%D0%BD%D1%81%D0%BA%D0%B8%D0%B9-%D0%BF%D1%80%D0%B5%D0%B4%D1%81%D1%82%D0%B0%D0%B2%D0%B8%D1%82%D0%B5%D0%BB%D1%8C-specialty-%D0%B3-%D0%BA%D1%80%D0%B0%D1%81%D0%BD%D0%BE%D1%8F%D1%80%D1%81%D0%BA-at-sandoz-4429552347,"Старший медицинский представитель (Specialty), г. Красноярск",,scraped,2026-07-08T18:58:59.373960,
a8c3ac3b9cef6eb8,https://ru.linkedin.com/jobs/view/associate-manager-marketing-strategy-bangkok-based-relocation-provided-at-agoda-4410536861,"Associate Manager, Marketing Strategy (Bangkok Based, relocation provided)",Agoda,posted,2026-07-08T18:59:27.737829,206
adfaebec80eda647,https://ru.linkedin.com/jobs/view/senior-analyst-app-marketing-bangkok-based-relocation-provided-at-agoda-4410544527,"Senior Analyst, App Marketing (Bangkok Based, Relocation Provided)",Agoda,posted,2026-07-08T18:59:47.526485,208
3c3730c00fcf78b1,https://ru.linkedin.com/jobs/view/associate-professor-in-neurosymbolic-artificial-intelligence-at-unsw-4415281087,Associate Professor in Neurosymbolic Artificial Intelligence,UNSW,posted,2026-07-08T18:59:57.397358,210
b1192928a04a7c1b,https://ru.linkedin.com/jobs/view/back-end-lead-software-engineer-accommodation-flights-supply-fintech-bangkok-based-relocation-provided-at-agoda-4429941969,Back End Lead Software Engineer - Accommodation/Flights/Supply/FinTech(Bangkok based - Relocation provided),Agoda,posted,2026-07-08T19:00:18.071913,212
92537ae548f2067c,https://ru.linkedin.com/jobs/view/back-end-lead-software-engineer-accommodation-flights-supply-fintech-bangkok-based-relocation-provided-at-agoda-4429964016,Back End Lead Software Engineer - Accommodation/Flights/Supply/FinTech(Bangkok based - Relocation provided),Agoda,posted,2026-07-08T19:00:35.006566,214
d2729a03d622f44d,https://ru.linkedin.com/jobs/view/%D0%B8%D0%BD%D0%B6%D0%B5%D0%BD%D0%B5%D1%80-%D0%BF%D0%BE-%D0%B0%D0%B2%D1%82%D0%BE%D0%BC%D0%B0%D1%82%D0%B8%D0%B7%D0%B0%D1%86%D0%B8%D0%B8-%D0%B0%D1%81%D1%83%D1%82%D0%BF-%D0%BA%D0%B8%D0%BF%D0%B8%D0%B0-at-abbott-4438249918,Инженер по автоматизации АСУТП (КИПиА),Abbott,posted,2026-07-08T19:00:51.511723,216
a3432bf496cead39,https://ru.linkedin.com/jobs/view/business-development-manager-at-ris-group-4438240004,Business Development Manager,,scraped,2026-07-08T23:46:50.999360,
41c0e4af4237ec2c,https://ru.linkedin.com/jobs/view/warehouse-inbound-supervisor-at-jd-com-4418922429,Warehouse Inbound Supervisor,,scraped,2026-07-08T23:47:30.104791,
aaa0e3aac729445a,https://ru.linkedin.com/jobs/view/rn-obstetrics-at-olympic-medical-center-4438521809,"RN, Obstetrics",Olympic Medical Center,posted,2026-07-08T23:47:47.859565,218
1f040936769976e8,https://ru.linkedin.com/jobs/view/%D1%81%D1%82%D0%B0%D1%80%D1%88%D0%B8%D0%B9-%D1%81%D0%BF%D0%B5%D1%86%D0%B8%D0%B0%D0%BB%D0%B8%D1%81%D1%82-%D0%BF%D0%BE-%D1%80%D0%B5%D0%B3%D0%B8%D1%81%D1%82%D1%80%D0%B0%D1%86%D0%B8%D0%B8-at-sandoz-4401508485,Старший специалист по регистрации,,scraped,2026-07-08T23:48:14.585601,
cace9e3d93a9a52a,https://ru.linkedin.com/jobs/view/associate-professor-in-software-engineering-at-unsw-4415279062,Associate Professor in Software Engineering,UNSW,posted,2026-07-08T23:48:37.854359,220
1d32dc1f22ad470a,https://ru.linkedin.com/jobs/view/supvr-imaging-services-at-baycare-health-system-4438255999,Supvr Imaging Services,BayCare Health System,posted,2026-07-08T23:48:56.716222,222
483de14612965a90,https://ru.linkedin.com/jobs/view/analyst-senior-analyst-pricing-marketing-bangkok-based-relocation-provided-at-agoda-4410531792,"Analyst/ Senior Analyst, Pricing Marketing (Bangkok Based, relocation provided)",Agoda,posted,2026-07-08T23:49:11.622239,224
b3546bd8825d34fb,https://ru.linkedin.com/jobs/view/senior-analyst-associate-manager-marketing-strategy-bangkok-based-relocation-provided-at-agoda-4410536795,"Senior Analyst/ Associate Manager, Marketing Strategy (Bangkok based/ Relocation provided)",Agoda,posted,2026-07-08T23:49:36.020625,226
94ef8be7c836a563,https://ru.linkedin.com/jobs/view/engineering-manager-back-end-generative-ai-bangkok-based-relocation-provided-at-agoda-4438196015,"Engineering Manager, Back End - Generative Ai (Bangkok based, relocation provided)",Agoda,posted,2026-07-08T23:49:58.467953,228
a3cb094608ff5146,https://ru.linkedin.com/jobs/view/procurement-manager-financial-reporting-council-at-guardian-jobs-4438554114,"Procurement Manager, FINANCIAL REPORTING COUNCIL",,scraped,2026-07-09T11:27:31.623901,
14f83b38e9894353,https://ru.linkedin.com/jobs/view/data-scientist-at-alfa-bank-4435648645,Data scientist,Alfa-Bank,posted,2026-07-09T11:28:04.137383,230
ba3e6bf8363b03e8,https://ru.linkedin.com/jobs/view/performance-marketing-manager-at-zeroqode-4435657630,Performance Marketing Manager,Zeroqode,posted,2026-07-09T11:28:25.711120,232
7bc6d2f8ba37d9f3,https://ru.linkedin.com/jobs/view/%D0%BC%D0%B5%D0%BD%D0%B5%D0%B4%D0%B6%D0%B5%D1%80-%D0%BF%D0%BE-%D1%80%D0%B0%D0%B7%D0%B2%D0%B8%D1%82%D0%B8%D1%8E-%D0%B1%D0%B8%D0%B7%D0%BD%D0%B5%D1%81%D0%B0-%D0%BF%D0%BE-%D1%81%D0%BF%D0%B5%D1%86%D0%B8%D0%B0%D0%BB%D0%B8%D0%B7%D0%B8%D1%80%D0%BE%D0%B2%D0%B0%D0%BD%D0%BD%D1%8B%D0%BC-%D0%BA%D1%83%D0%BB%D1%8C%D1%82%D1%83%D1%80%D0%B0%D0%BC-at-syngenta-4434963164,Менеджер по развитию бизнеса по специализированным культурам,,scraped,2026-07-09T11:28:46.305146,
bfeac660fb309ef8,https://ru.linkedin.com/jobs/view/casual-academic-talent-pool-science-mathematics-statistics-at-unsw-4414883664,Casual Academic Talent Pool - Science - Mathematics & Statistics,UNSW,posted,2026-07-09T11:29:11.724571,234
8370ef300fe2955a,https://ru.linkedin.com/jobs/view/floor-care-technician-at-baycare-health-system-4438279011,Floor Care Technician,BayCare Health System,posted,2026-07-09T11:29:38.017084,236
51ba6805e823c574,https://ru.linkedin.com/jobs/view/production-controller-at-wellspect-healthcare-4396317890,Production Controller,,scraped,2026-07-09T11:29:40.345088,
28e5a211d1e7a258,https://ru.linkedin.com/jobs/view/clm-project-manager-at-epiq-4377947523,CLM - Project Manager,Epiq,posted,2026-07-09T11:30:01.295640,238
4ea6af60b789a84f,https://ru.linkedin.com/jobs/view/techops-engineer-jr-crm-at-tradequo-global-4438181972,TechOps Engineer (Jr CRM),,scraped,2026-07-09T11:30:04.035370,
cee3340c60746d05,https://ru.linkedin.com/jobs/view/head-of-data-engineering-and-architecture-at-epiroc-4436572660,Head of Data Engineering and Architecture,,scraped,2026-07-09T11:30:10.378007,
c9cf0fcf74dbe566,https://ru.linkedin.com/jobs/view/mri-technologist-outpt-at-baycare-health-system-4438257914,MRI Technologist-Outpt,BayCare Health System,posted,2026-07-09T11:30:24.587443,240
80f4ab807b3a37a6,https://ru.linkedin.com/jobs/view/staff-lead-software-engineer-back-end-bangkok-based-relocation-provided-at-agoda-4429942998,"Staff/Lead Software Engineer, Back End (Bangkok based - Relocation provided)",Agoda,posted,2026-07-09T11:30:51.087767,242
975331e7b50060db,https://ru.linkedin.com/jobs/view/staff-lead-software-engineer-back-end-bangkok-based-relocation-provided-at-agoda-4429952920,"Staff/Lead Software Engineer, Back End (Bangkok based - Relocation provided)",Agoda,posted,2026-07-09T11:30:59.731436,242
bb7b95ee4f46ae3a,https://ru.linkedin.com/jobs/view/%D1%81%D1%82%D0%B0%D1%80%D1%88%D0%B8%D0%B9-%D0%BC%D0%B5%D0%B4%D0%B8%D1%86%D0%B8%D0%BD%D1%81%D0%BA%D0%B8%D0%B9-%D0%BF%D1%80%D0%B5%D0%B4%D1%81%D1%82%D0%B0%D0%B2%D0%B8%D1%82%D0%B5%D0%BB%D1%8C-specialty-%D0%B3-%D0%B2%D0%BB%D0%B0%D0%B4%D0%B8%D0%B2%D0%BE%D1%81%D1%82%D0%BE%D0%BA-at-sandoz-4429563123,"Старший медицинский представитель (Specialty), г. Владивосток",,scraped,2026-07-09T11:31:04.140246,
3efbde08179fb19a,https://ru.linkedin.com/jobs/view/backend-lead-software-engineer-l5-%E2%80%94-bangkok-relocation-provided-at-agoda-4429959765,Backend Lead Software Engineer (L5) — Bangkok Relocation Provided,Agoda,posted,2026-07-09T11:31:24.599721,244
c26b5452f38c6179,https://ru.linkedin.com/jobs/view/backend-lead-software-engineer-l5-%E2%80%94-bangkok-relocation-provided-at-agoda-4429959761,Backend Lead Software Engineer (L5) — Bangkok Relocation Provided,Agoda,posted,2026-07-09T11:31:32.455784,244
b2f32f842cebfdec,https://ru.linkedin.com/jobs/view/uppdragsledare-mot-vattenverksamhet-och-nap-at-tyr%C3%A9ns-sweden-4427457457,Uppdragsledare mot vattenverksamhet och NAP,,scraped,2026-07-09T11:31:34.957966,
3c87a23bed1543e9,https://ru.linkedin.com/jobs/view/education-welfare-officer-term-time-only-pay-award-pending-at-bracknell-forest-council-4438623863,Education Welfare Officer - Term Time Only (pay award pending),,scraped,2026-07-09T18:28:57.713372,
3ac2375911d34def,https://ru.linkedin.com/jobs/view/legal-counsel-at-trip-com-group-4436886290,Legal Counsel,,scraped,2026-07-09T18:29:12.378671,
081e64113c8ed3a9,https://ru.linkedin.com/jobs/view/admin-manager-apapa-at-apm-terminals-4438671524,Admin Manager - Apapa,,scraped,2026-07-09T18:29:27.564152,
9a69a4ee31ab980a,https://ru.linkedin.com/jobs/view/marketing-manager-at-huabao-flavours-fragrances-co-ltd-4437380320,Marketing Manager,"Huabao Flavours &amp; Fragrances Co., Ltd.",posted,2026-07-09T18:30:00.505706,246
697a61a3c7ebcce7,https://ru.linkedin.com/jobs/view/venture-partner-%D0%B2-%D0%BC%D0%B5%D0%B6%D0%B4%D1%83%D0%BD%D0%B0%D1%80%D0%BE%D0%B4%D0%BD%D1%8B%D0%B9-it-%D0%BF%D1%80%D0%BE%D0%B5%D0%BA%D1%82-tec-delivery-at-tec-delivery-4435686312,Venture Partner в международный IT-проект TEC.DELIVERY.,,scraped,2026-07-09T18:30:05.204813,
8f0d15d16197f97e,https://ru.linkedin.com/jobs/view/sales-engineer-at-reemoon-china-4438196099,Sales Engineer,,scraped,2026-07-09T18:30:12.544458,
10a5975c19e029d2,https://ru.linkedin.com/jobs/view/%D0%BD%D0%B0%D1%87%D0%B0%D0%BB%D1%8C%D0%BD%D0%B8%D0%BA-%D0%BF%D0%BB%D0%B0%D0%BD%D0%BE%D0%B2%D0%BE-%D0%B1%D1%8E%D0%B4%D0%B6%D0%B5%D1%82%D0%BD%D0%BE%D0%B3%D0%BE-%D0%BE%D1%82%D0%B4%D0%B5%D0%BB%D0%B0-%D0%B3%D0%B2%D0%B8%D0%BD%D0%B5%D1%8F-%D0%B0%D1%84%D1%80%D0%B8%D0%BA%D0%B0-at-uc-rusal-4438600138,"Начальник планово-бюджетного отдела (Гвинея, Африка)",,scraped,2026-07-09T18:30:25.102419,
c8e121dc15d0b8c7,https://ru.linkedin.com/jobs/view/sales-manager-pv-energy-storage-inverter-at-luxpowertek-4436089853,Sales Manager-PV Energy Storage Inverter,,scraped,2026-07-09T18:30:40.525622,
6cf960253522c287,https://ru.linkedin.com/jobs/view/senior-software-engineer-python-and-data-ecosystem-at-clickhouse-4435681577,Senior Software Engineer - Python and Data Ecosystem,ClickHouse,posted,2026-07-09T18:31:04.245714,248
0395725d50e9ecce,https://ru.linkedin.com/jobs/view/%D0%BC%D0%B5%D0%BD%D0%B5%D0%B4%D0%B6%D0%B5%D1%80-%D0%BF%D0%BE-%D1%80%D0%B5%D0%B3%D0%B8%D1%81%D1%82%D1%80%D0%B0%D1%86%D0%B8%D0%B8-at-sandoz-4401516108,Менеджер по регистрации,,scraped,2026-07-09T18:31:22.911411,
b647dd8e18833916,https://ru.linkedin.com/jobs/view/associate-professor-in-cybersecurity-at-unsw-4415280067,Associate Professor in Cybersecurity,UNSW,posted,2026-07-09T18:32:04.722025,250
dfbf670ea38bb0f2,https://ru.linkedin.com/jobs/view/freight-broker-4435694761,Freight Broker,Telemax lead generation,posted,2026-07-09T23:57:46.004559,252
91f7165e0925e1fc,https://ru.linkedin.com/jobs/view/institutional-sales-manager-at-kucoin-exchange-4341131692,Institutional Sales Manager,,scraped,2026-07-09T23:58:02.613185,
9e9990aabca7e9e0,https://ru.linkedin.com/jobs/view/head-of-coffee-division-at-six-sense-executive-search-hr-risk-managment-4435680913,Head of Coffee Division,,scraped,2026-07-09T23:58:13.287211,
e64c42e471cbcb67,https://ru.linkedin.com/jobs/view/cpo-partner-product-partner-at-pim-4421125408,CPO Partner / Product Partner,,scraped,2026-07-09T23:58:20.266563,
1cb79d5c46384b6e,https://ru.linkedin.com/jobs/view/project-manager-relocation-to-cyprus-at-fxpro-4437827845,Project Manager (Relocation to Cyprus),FxPro,posted,2026-07-09T23:58:38.248287,254
7c3ea7eda0185a6a,https://ru.linkedin.com/jobs/view/customer-rep-sales-ghh-at-organon-4438808857,"Customer Rep., Sales GHH",Organon,posted,2026-07-09T23:58:54.033991,256
755a6ca40e290a4b,https://ru.linkedin.com/jobs/view/customer-representative-sales-ghh-at-organon-4438818511,"Customer Representative, Sales GHH",Organon,posted,2026-07-09T23:59:10.615021,258
7019767469029167,https://ru.linkedin.com/jobs/view/%D0%B8%D0%BD%D0%B6%D0%B5%D0%BD%D0%B5%D1%80-%D0%BF%D1%80%D0%BE%D0%B5%D0%BA%D1%82%D0%B8%D1%80%D0%BE%D0%B2%D1%89%D0%B8%D0%BA-%D0%BC%D1%83%D0%BB%D1%8C%D1%82%D0%B8%D0%BC%D0%B5%D0%B4%D0%B8%D0%B9%D0%BD%D1%8B%D0%B5-%D1%84%D0%B0%D1%81%D0%B0%D0%B4%D1%8B-at-artcollecting-web3-4435913277,Инженер-проектировщик (мультимедийные фасады),ArtCollecting Web3,posted,2026-07-09T23:59:37.797704,260
9a0f4a05ca3d826e,https://ru.linkedin.com/jobs/view/customer-rep-sales-ghh-at-organon-4438826244,"Customer Rep., Sales GHH",Organon,scraped,2026-07-10T00:00:08.284777,
fe3965b0438e03f7,https://ru.linkedin.com/jobs/view/repr%C3%A9sentant-e-aux-ventes-internes-aqueduc-at-wolseley-canada-inc-4438839725,Représentant(e) Aux Ventes Internes - Aqueduc,,scraped,2026-07-10T00:00:12.890453,
80bad2f9aa52bd26,https://ru.linkedin.com/jobs/view/%D0%BC%D0%B5%D0%B4%D0%B8%D1%86%D0%B8%D0%BD%D1%81%D0%BA%D0%B8%D0%B9-%D0%BF%D1%80%D0%B5%D0%B4%D1%81%D1%82%D0%B0%D0%B2%D0%B8%D1%82%D0%B5%D0%BB%D1%8C-medical-line-%D0%B3-%D0%BC%D0%BE%D1%81%D0%BA%D0%B2%D0%B0-%D0%B2%D0%B0%D0%BE-at-sandoz-4417757121,"Медицинский представитель (Medical Line) - г. Москва, ВАО",,scraped,2026-07-10T00:00:33.705895,
31bb39d349c03a11,https://ru.linkedin.com/jobs/view/engineering-manager-back-end-fintech-bangkok-based-relocation-provided-at-agoda-4429235529,"Engineering Manager, Back End - Fintech (Bangkok based, relocation provided)",Agoda,posted,2026-07-10T00:02:00.344227,262
26baafd6108ef622,https://ru.linkedin.com/jobs/view/%D1%81%D0%BF%D0%B5%D1%86%D0%B8%D0%B0%D0%BB%D0%B8%D1%81%D1%82-%D0%BF%D0%BE-%D1%80%D0%B0%D0%B1%D0%BE%D1%82%D0%B5-%D1%81-%D0%BA%D0%BB%D0%B8%D0%B5%D0%BD%D1%82%D0%B0%D0%BC%D0%B8-at-kws-group-4416595359,Специалист по работе с клиентами,,scraped,2026-07-10T00:02:02.706334,
cdcac637296f7738,https://ru.linkedin.com/jobs/view/%D1%81%D1%82%D0%B0%D1%80%D1%88%D0%B8%D0%B9-%D0%BC%D0%B5%D0%B4%D0%B8%D1%86%D0%B8%D0%BD%D1%81%D0%BA%D0%B8%D0%B9-%D0%BF%D1%80%D0%B5%D0%B4%D1%81%D1%82%D0%B0%D0%B2%D0%B8%D1%82%D0%B5%D0%BB%D1%8C-specialty-%D0%B3-%D0%B2%D0%BB%D0%B0%D0%B4%D0%B8%D0%B2%D0%BE%D1%81%D1%82%D0%BE%D0%BA-at-sandoz-4429554244,"Старший медицинский представитель (Specialty), г. Владивосток",,scraped,2026-07-10T00:02:09.265799,
9bdccc5d2cae76f3,https://ru.linkedin.com/jobs/view/certified-medical-assistant-at-vanderbilt-university-medical-center-4435920132,Certified Medical Assistant,Vanderbilt University Medical Center,posted,2026-07-10T00:02:24.655275,264
9aaa36a3aec77f91,https://ru.linkedin.com/jobs/view/senior-talent-acquisition-partner-remote-at-group-1-automotive-4428202724,Senior Talent Acquisition Partner (Remote),Group 1 Automotive,posted,2026-07-10T11:24:54.116663,266
95f4de1ada241004,https://ru.linkedin.com/jobs/view/registrar-at-baycare-health-system-4438833944,Registrar,BayCare Health System,posted,2026-07-10T11:25:09.617289,268
873c592c0afd71ed,https://ru.linkedin.com/jobs/view/assistant-manager-sales-marketing-at-dg-khan-cement-company-limited-4434808547,Assistant Manager Sales & Marketing,,scraped,2026-07-10T11:25:14.049320,
bba7e3d1a1735e84,https://ru.linkedin.com/jobs/view/assistant-marketing-h-f-at-legallais-4435745104,Assistant Marketing H/F,Legallais,posted,2026-07-10T11:25:51.148100,270
c8255fdcef4e8fb0,https://ru.linkedin.com/jobs/view/affiliate-manager-publisher-acquisition-growth-at-auctera%E2%84%A2-4435951269,Affiliate Manager - Publisher Acquisition & Growth,auctera™,posted,2026-07-10T11:26:02.978426,272
816c6ec0057cab8d,https://ru.linkedin.com/jobs/view/card-it-manager-at-tradequo-global-4439005904,Card IT Manager,,scraped,2026-07-10T11:26:19.620963,
c6fa3594b27b37e1,https://ru.linkedin.com/jobs/view/teaching-fellow-education-focused-mathematics-statistics-at-unsw-4435956908,Teaching Fellow - Education Focused - Mathematics & Statistics,UNSW,posted,2026-07-10T11:26:40.406790,274
0406f494e6fe9e96,https://ru.linkedin.com/jobs/view/impact-committee-member-wwf-uk-at-guardian-jobs-4438857614,"Impact Committee Member, WWF UK",,scraped,2026-07-10T11:26:46.908566,
642bea8fbaf326c9,https://ru.linkedin.com/jobs/view/registered-nurse-pcu-days-at-baycare-health-system-4439041778,Registered Nurse - PCU - Days,BayCare Health System,posted,2026-07-10T11:27:20.876754,276
3835af6aa22305e4,https://ru.linkedin.com/jobs/view/senior-go-%D1%80%D0%B0%D0%B7%D1%80%D0%B0%D0%B1%D0%BE%D1%82%D1%87%D0%B8%D0%BA-claude-mcp-skills-subagents-at-burning-buttons-4409879776,"Senior Go разработчик (Claude, mcp, skills, subagents)",,scraped,2026-07-10T11:27:31.592521,
57c984590aa5a79d,https://ru.linkedin.com/jobs/view/s%C3%A4kerhetsgranskare-signal-at-tyr%C3%A9ns-sweden-4427439779,Säkerhetsgranskare Signal,,scraped,2026-07-10T11:27:45.618768,
748b9834179a766f,https://ru.linkedin.com/jobs/view/plumbing-technician-hidraulik%C3%AB-at-hilton-4429971640,Plumbing Technician - Hidraulikë,Hilton,posted,2026-07-10T11:28:05.763626,278
376dd8dc7ec62f7f,https://ru.linkedin.com/jobs/view/analyst-senior-analyst-associate-manager-marketing-analytics-bangkok-based-relocation-provided-at-agoda-4410546478,"Analyst/Senior Analyst/Associate Manager, Marketing Analytics (Bangkok Based, relocation provided)",Agoda,posted,2026-07-10T11:28:23.436059,280
2a36dc529a927075,https://ru.linkedin.com/jobs/view/customer-care-manager-at-united-infrastructure-ltd-4438320398,Customer Care Manager,United Infrastructure Ltd,posted,2026-07-10T18:13:21.841777,282
84c1c78b798fc993,https://ru.linkedin.com/jobs/view/medical-office-rep-at-baycare-health-system-4439305964,Medical Office Rep,BayCare Health System,posted,2026-07-10T18:13:33.619190,72
36306b1bf0fd6f73,https://ru.linkedin.com/jobs/view/product-sales-specialist-at-ge-healthcare-4430728003,Product Sales Specialist,GE HealthCare,posted,2026-07-10T18:13:56.348633,284
69360542871258fd,https://ru.linkedin.com/jobs/view/international-sales-specialist-at-eminent4u-private-limited-4435961278,International Sales Specialist,,scraped,2026-07-10T18:13:58.776133,
46bf9b791eadda30,https://ru.linkedin.com/jobs/view/housekeeper-at-m%C3%B6venpick-hotel-residences-teuta-kotor-bay-4436612245,Housekeeper,Mövenpick Hotel & Residences Teuta Kotor Bay,posted,2026-07-10T18:15:01.676676,286
d1aceedd1350874e,https://ru.linkedin.com/jobs/view/medical-manager-at-novartis-4435650594,Medical Manager,,scraped,2026-07-10T18:15:34.374072,
7a2fa9b5b93fb864,https://ru.linkedin.com/jobs/view/medical-manager-at-novartis-4435647596,Medical Manager,,scraped,2026-07-10T18:15:40.926777,
2cd367202fa35b8c,https://ru.linkedin.com/jobs/view/user-experience-ux-designer-at-brmi-4439308318,User Experience (UX) Designer,BRMi,posted,2026-07-10T18:16:22.135409,288
9c56279d3b5c8b86,https://ru.linkedin.com/jobs/view/sales-engineer-at-macdermid-enthone-industrial-solutions-4437094186,Sales Engineer,MacDermid Enthone Industrial Solutions,posted,2026-07-10T18:16:36.361064,290
672a01003bf3444d,https://ru.linkedin.com/jobs/view/associate-manager-marketing-strategy-bangkok-based-relocation-provided-at-agoda-4410545645,"Associate Manager, Marketing Strategy (Bangkok Based, relocation provided)",Agoda,posted,2026-07-10T18:17:02.615059,206
88655a0241bb4c9a,https://ru.linkedin.com/jobs/view/%D0%BE%D0%BF%D0%B5%D1%80%D0%B0%D1%82%D0%BE%D1%80-%D0%BD%D0%B0%D0%BB%D0%B0%D0%B4%D1%87%D0%B8%D0%BA-1-%D0%BA%D0%B0%D1%82%D0%B5%D0%B3%D0%BE%D1%80%D0%B8%D0%B8-at-astrazeneca-4354797993,Оператор-наладчик 1 категории,AstraZeneca,posted,2026-07-10T18:17:33.937920,106
e0b22ba2e9352daf,https://ru.linkedin.com/jobs/view/%D0%BE%D0%BF%D0%B5%D1%80%D0%B0%D1%82%D0%BE%D1%80-%D0%BD%D0%B0%D0%BB%D0%B0%D0%B4%D1%87%D0%B8%D0%BA-1-%D0%BA%D0%B0%D1%82%D0%B5%D0%B3%D0%BE%D1%80%D0%B8%D0%B8-at-astrazeneca-4260911554,Оператор-наладчик 1 категории,AstraZeneca,scraped,2026-07-10T18:17:40.864176,
7f02a914e41b65e0,https://ru.linkedin.com/jobs/view/senior-analyst-associate-manager-marketing-strategy-bangkok-based-relocation-provided-at-agoda-4410537778,"Senior Analyst/ Associate Manager, Marketing Strategy (Bangkok based/ Relocation provided)",Agoda,posted,2026-07-10T18:18:08.898442,292
f95a5e88eac4850a,https://ru.linkedin.com/jobs/view/analyst-senior-analyst-b2b-digital-marketing-bangkok-based-relocation-provided-at-agoda-4420294240,"Analyst/Senior Analyst, B2B Digital Marketing (Bangkok Based, relocation provided)",Agoda,posted,2026-07-10T18:18:37.299037,294
